OlympicYear,ISOCode,Country,Population,GDPpC
1992,ABW,Aruba,0.064622,33607.6899972146
1996,ABW,Aruba,0.080324002,43330.8930747748
2000,ABW,Aruba,0.089005001,42399.0889792811
2004,ABW,Aruba,0.097016998,40485.2037371843
2008,ABW,Aruba,0.101219997,44776.6606533292
2012,ABW,Aruba,0.102053002,37363.8448087985
2016,ABW,Aruba,0.104341,37996.1767857314
1992,AGO,Angola,12.55344582,2424.24520696263
1996,AGO,Angola,14.26899433,2342.6110037567
2000,AGO,Angola,15.94976616,2853.66154734898
2004,AGO,Angola,18.20336914,2434.22271719091
2008,AGO,Angola,20.99768639,4353.81411751812
2012,AGO,Angola,24.21856499,6828.91926372554
2016,AGO,Angola,27.85930443,5297.58773306172
1992,AIA,Anguilla,0.008666,17356.7739556889
1996,AIA,Anguilla,0.009802,20537.2263721689
2000,AIA,Anguilla,0.010793,25390.766376355
2004,AIA,Anguilla,0.012021,22238.3249563264
2008,AIA,Anguilla,0.01315,39179.5204106464
2012,AIA,Anguilla,0.013951,27013.4028528421
2016,AIA,Anguilla,0.014611,26765.3425775101
1992,ALB,Albania,3.275430918,2776.01116941035
1996,ALB,Albania,3.106735945,3619.52241486684
2000,ALB,Albania,3.115576029,4438.97461055989
2004,ALB,Albania,3.111005068,5168.05010875026
2008,ALB,Albania,3.023906946,7014.49355379734
2012,ALB,Albania,2.926659107,9598.56061568977
2016,ALB,Albania,2.923352003,10775.7487321653
1992,ARE,United Arab Emirates,1.970026016,98959.4561273043
1996,ARE,United Arab Emirates,2.448820114,77653.1811433823
2000,ARE,United Arab Emirates,2.988162041,76664.1406512666
2004,ARE,United Arab Emirates,3.741931915,85572.6336217959
2008,ARE,United Arab Emirates,6.044066906,84271.2844218141
2012,ARE,United Arab Emirates,8.672474861,63990.0889186331
2016,ARE,United Arab Emirates,9.154301643,65098.4597995729
1992,ARG,Argentina,33.19391632,6406.54716815892
1996,ARG,Argentina,34.99481583,10912.5699319333
2000,ARG,Argentina,36.64806747,13165.2448439459
2004,ARG,Argentina,38.30937958,11338.5678588951
2008,ARG,Argentina,39.97022247,14940.0219237759
2012,ARG,Argentina,41.65687943,17235.4349947523
2016,ARG,Argentina,43.41776657,16673.5531256047
1992,ARM,Armenia,3.505250931,5590.20249497796
1996,ARM,Armenia,3.2173419,2712.20895609509
2000,ARM,Armenia,3.089016914,2872.62616782162
2004,ARM,Armenia,3.017806053,4212.02618947759
2008,ARM,Armenia,2.933056116,7140.72810804688
2012,ARM,Armenia,2.875581026,8561.04770041698
2016,ARM,Armenia,2.916949987,9167.68870538746
1992,ATG,Antigua and Barbuda,0.067307003,11796.9398013458
1996,ATG,Antigua and Barbuda,0.073619001,12133.9959992122
2000,ATG,Antigua and Barbuda,0.081831001,13606.2414047703
2004,ATG,Antigua and Barbuda,0.087292999,14681.3503566305
2008,ATG,Antigua and Barbuda,0.091380998,20419.1773545743
2012,ATG,Antigua and Barbuda,0.095719002,18365.1994198602
2016,ATG,Antigua and Barbuda,0.099923,17053.481520771
1992,AUS,Australia,17.27187347,26397.2051608597
1996,AUS,Australia,18.07674217,30113.6120037939
2000,AUS,Australia,18.86411285,35212.277422312
2004,AUS,Australia,19.69697189,38239.2946848034
2008,AUS,Australia,20.94666481,41337.7712086471
2012,AUS,Australia,22.47979927,44117.6954290482
2016,AUS,Australia,23.79955673,45658.8335794605
1992,AUT,Austria,7.772700787,26199.1161348432
1996,AUT,Austria,7.990120888,30071.4337076999
2000,AUT,Austria,8.051113129,34937.9988571764
2004,AUT,Austria,8.175851822,36019.1558887575
2008,AUT,Austria,8.311782837,41867.2963219046
2012,AUT,Austria,8.459863663,44873.894713024
2016,AUT,Austria,8.678656578,48630.7841780348
1992,AZE,Azerbaijan,7.357955933,8522.66938685402
1996,AZE,Azerbaijan,7.775425911,2289.27496625207
2000,AZE,Azerbaijan,8.054124832,2207.45075980963
2004,AZE,Azerbaijan,8.361358643,3038.5812945926
2008,AZE,Azerbaijan,8.724304199,9083.12049218585
2012,AZE,Azerbaijan,9.146379471,17005.4344227853
2016,AZE,Azerbaijan,9.617484093,14668.3453526768
1992,BDI,Burundi,5.542047977,862.270262515268
1996,BDI,Burundi,5.962058067,693.697085557084
2000,BDI,Burundi,6.278940201,685.369956591501
2004,BDI,Burundi,6.953113079,617.821916052863
2008,BDI,Burundi,7.939572811,616.256023651699
2012,BDI,Burundi,9.043507576,693.526116751937
2016,BDI,Burundi,10.19927025,734.563123572493
1992,BEL,Belgium,10.03944492,25668.3887459388
1996,BEL,Belgium,10.18630505,28083.8002490412
2000,BEL,Belgium,10.25516033,32356.7009800226
2004,BEL,Belgium,10.4190321,34559.1962424226
2008,BEL,Belgium,10.69783497,38936.9468185019
2012,BEL,Belgium,11.01308346,42336.6899645742
2016,BEL,Belgium,11.28794003,44425.2338041523
1992,BEN,Benin,5.14949894,1224.27538260645
1996,BEN,Benin,5.905558109,1150.76394043827
2000,BEN,Benin,6.664097786,1368.23674708905
2004,BEN,Benin,7.520555019,1701.38368480434
2008,BEN,Benin,8.454791069,1806.07783390277
2012,BEN,Benin,9.460802078,1769.17891548772
2016,BEN,Benin,10.57595158,1984.54733848167
1992,BFA,Burkina Faso,9.050084114,955.72057165965
1996,BFA,Burkina Faso,10.08987808,879.415803803251
2000,BFA,Burkina Faso,11.28270054,1079.04555357453
2004,BFA,Burkina Faso,12.65462112,1173.83332769429
2008,BFA,Burkina Faso,14.25202084,1235.06484572331
2012,BFA,Burkina Faso,16.08190346,1388.20255360493
2016,BFA,Burkina Faso,18.11062431,1528.42820800582
1992,BGD,Bangladesh,108.7274323,1369.41047213528
1996,BGD,Bangladesh,118.706871,1450.09100273564
2000,BGD,Bangladesh,129.0296936,1366.98609427683
2004,BGD,Bangladesh,139.0189972,1411.86740339974
2008,BGD,Bangladesh,147.1391907,1752.89443670972
2012,BGD,Bangladesh,153.911911,2570.66991260995
2016,BGD,Bangladesh,161.200882,3069.36789899202
1992,BGR,Bulgaria,8.766889572,10524.7231851411
1996,BGR,Bulgaria,8.379179955,8125.19379051813
2000,BGR,Bulgaria,8.066883087,7820.62195393263
2004,BGR,Bulgaria,7.803881168,9533.77175770957
2008,BGR,Bulgaria,7.566948891,13094.7614497374
2012,BGR,Bulgaria,7.356213093,15924.3470953106
2016,BGR,Bulgaria,7.177395821,17796.5379206582
1992,BHR,Bahrain,0.509765029,15281.7784034377
1996,BHR,Bahrain,0.563699007,16560.2735681243
2000,BHR,Bahrain,0.636545002,18688.3957027755
2004,BHR,Bahrain,0.778711021,27430.4535366272
2008,BHR,Bahrain,1.035891056,41015.7604256794
2012,BHR,Bahrain,1.278269053,42522.9610561494
2016,BHR,Bahrain,1.371855021,39770.7357955575
1992,BHS,Bahamas,0.261115998,23511.9683245145
1996,BHS,Bahamas,0.280149996,23629.5378744178
2000,BHS,Bahamas,0.293572009,33859.3627057953
2004,BHS,Bahamas,0.315746009,34853.8525470325
2008,BHS,Bahamas,0.342328012,35920.2615297518
2012,BHS,Bahamas,0.366567999,30619.425565296
2016,BHS,Bahamas,0.386837989,29235.4755778652
1992,BIH,Bosnia and Herzegovina,4.371603012,1256.55110103122
1996,BIH,Bosnia and Herzegovina,3.843712091,1811.57820725028
2000,BIH,Bosnia and Herzegovina,3.75911808,5095.8345394673
2004,BIH,Bosnia and Herzegovina,3.779247046,5865.92591862014
2008,BIH,Bosnia and Herzegovina,3.773999929,8272.62618371925
2012,BIH,Bosnia and Herzegovina,3.688864946,9553.14711865843
2016,BIH,Bosnia and Herzegovina,3.535960913,10916.886396589
1992,BLR,Belarus,10.22649288,13404.4518397983
1996,BLR,Belarus,10.14230824,7620.79974015856
2000,BLR,Belarus,9.986932755,8003.23771480125
2004,BLR,Belarus,9.740054131,9111.56624453877
2008,BLR,Belarus,9.536864281,13203.9780780854
2012,BLR,Belarus,9.468500137,18569.4355553665
2016,BLR,Belarus,9.485772133,17014.5034939772
1992,BLZ,Belize,0.191126004,5671.38790282038
1996,BLZ,Belize,0.206963003,7453.34611809822
2000,BLZ,Belize,0.239025995,6404.15602495452
2004,BLZ,Belize,0.269129992,7480.63661370005
2008,BLZ,Belize,0.298406988,7762.89691312457
2012,BLZ,Belize,0.329192013,7732.22946937051
2016,BLZ,Belize,0.359288007,8159.58590290491
1992,BMU,Bermuda,0.061312001,29202.5404129283
1996,BMU,Bermuda,0.062696002,31282.673877674
2000,BMU,Bermuda,0.063767001,37537.0904772517
2004,BMU,Bermuda,0.06487,46376.0340681363
2008,BMU,Bermuda,0.064892001,60522.4908536878
2012,BMU,Bermuda,0.063580997,61206.9418949187
2016,BMU,Bermuda,0.062003002,61575.6121453603
1992,BOL,Bolivia (Plurinational State of),6.992520809,2266.40746633207
1996,BOL,Bolivia (Plurinational State of),7.56671381,2840.40338642066
2000,BOL,Bolivia (Plurinational State of),8.182711601,3073.78957201989
2004,BOL,Bolivia (Plurinational State of),8.810420036,3367.26749675706
2008,BOL,Bolivia (Plurinational State of),9.441444397,4248.83802554051
2012,BOL,Bolivia (Plurinational State of),10.07834339,5576.74892143162
2016,BOL,Bolivia (Plurinational State of),10.72470474,5776.384257829
1992,BRA,Brazil,151.9765778,6272.55002908744
1996,BRA,Brazil,162.2966156,8543.29891522396
2000,BRA,Brazil,172.7592468,8622.72875456875
2004,BRA,Brazil,182.4821472,8358.19913565769
2008,BRA,Brazil,191.0266418,10462.149316808
2012,BRA,Brazil,198.6866913,15019.9126598471
2016,BRA,Brazil,205.9621124,14450.0678562666
1992,BRB,Barbados,0.261274993,17256.2737873655
1996,BRB,Barbados,0.264959008,19333.083436816
2000,BRB,Barbados,0.268922001,22462.531598521
2004,BRB,Barbados,0.272258013,19942.9427886113
2008,BRB,Barbados,0.276149988,21108.2994542806
2012,BRB,Barbados,0.280600995,16184.2734805698
2016,BRB,Barbados,0.284217,14639.8252286105
1992,BRN,Brunei Darussalam,0.266274005,50733.4173683233
1996,BRN,Brunei Darussalam,0.297192007,39295.1092389238
2000,BRN,Brunei Darussalam,0.326288998,42996.9706793485
2004,BRN,Brunei Darussalam,0.353388995,53607.5338169487
2008,BRN,Brunei Darussalam,0.374864012,73672.2890326426
2012,BRN,Brunei Darussalam,0.394012988,79360.7593463391
2016,BRN,Brunei Darussalam,0.417542011,57518.3467466702
1992,BTN,Bhutan,0.537284017,2489.86655227453
1996,BTN,Bhutan,0.514877021,3183.69173636125
2000,BTN,Bhutan,0.55754298,3823.60823196088
2004,BTN,Bhutan,0.623434007,4891.91572284571
2008,BTN,Bhutan,0.686958015,6161.34588370732
2012,BTN,Bhutan,0.740509987,6598.86559909421
2016,BTN,Bhutan,0.787386,7447.23196881834
1992,BWA,Botswana,1.416731,6416.09443359396
1996,BWA,Botswana,1.569093943,7064.44466849873
2000,BWA,Botswana,1.699862003,9725.17477937884
2004,BWA,Botswana,1.804339051,10497.8321172521
2008,BWA,Botswana,1.914414048,13347.7137856857
2012,BWA,Botswana,2.051338911,13908.6721540768
2016,BWA,Botswana,2.209197044,15578.4259233329
1992,CAF,Central African Republic,3.014624119,1009.05875522852
1996,CAF,Central African Republic,3.352766991,1021.09166285335
2000,CAF,Central African Republic,3.67650795,920.552066805676
2004,CAF,Central African Republic,3.981664896,837.158268730408
2008,CAF,Central African Republic,4.275800228,868.911157885836
2012,CAF,Central African Republic,4.476152897,917.02620675694
2016,CAF,Central African Republic,4.54610014,673.864353986712
1992,CAN,Canada,28.04460526,29254.0242550734
1996,CAN,Canada,29.3300724,32066.2138904233
2000,CAN,Canada,30.45388412,36495.9973782155
2004,CAN,Canada,31.62780571,38396.9808444862
2008,CAN,Canada,33.01993179,41359.901458476
2012,CAN,Canada,34.53862381,41259.4790353924
2016,CAN,Canada,35.94971085,43222.9867295303
1992,CHE,Switzerland,6.74106884,37455.7372269766
1996,CHE,Switzerland,7.018525124,37769.6785031841
2000,CHE,Switzerland,7.138463974,42750.7979884077
2004,CHE,Switzerland,7.291893005,42027.9325670111
2008,CHE,Switzerland,7.560358047,52723.5363751285
2012,CHE,Switzerland,7.930420876,56751.0784783221
2016,CHE,Switzerland,8.319768906,61787.308134157
1992,CHL,Chile,13.45724392,8017.12671193077
1996,CHL,Chile,14.29661274,11158.5117958507
2000,CHL,Chile,15.07695198,10849.7860387826
2004,CHL,Chile,15.79954243,11187.760707827
2008,CHL,Chile,16.49168777,16855.5367938548
2012,CHL,Chile,17.15335655,20700.7571821271
2016,CHL,Chile,17.76268005,22979.8040133026
1992,CHN,China,1189.183472,2654.89499672427
1996,CHN,China,1239.940063,3424.92522559939
2000,CHN,China,1275.406738,3959.6282107771
2004,CHN,China,1306.343872,5127.94459681134
2008,CHN,China,1336.800537,7330.27757603302
2012,CHN,China,1367.480225,10249.0586289831
2016,CHN,China,1397.028564,12034.4912289138
1992,CIV,Côte d'Ivoire,12.71000767,2256.87299290198
1996,CIV,Côte d'Ivoire,14.54082012,2389.28262802827
2000,CIV,Côte d'Ivoire,16.30023384,2358.26946578332
2004,CIV,Côte d'Ivoire,17.67935562,2325.3686623902
2008,CIV,Côte d'Ivoire,19.08594131,2178.77218076807
2012,CIV,Côte d'Ivoire,20.89531136,2561.92136157764
2016,CIV,Côte d'Ivoire,23.10847282,3299.69068462223
1992,CMR,Cameroon,12.06072903,2276.08870008748
1996,CMR,Cameroon,13.46099377,2302.26736372674
2000,CMR,Cameroon,14.89189053,2537.61145731441
2004,CMR,Cameroon,16.51382256,2605.88231305302
2008,CMR,Cameroon,18.39538956,2661.27102284644
2012,CMR,Cameroon,20.52044678,2771.54434012767
2016,CMR,Cameroon,22.83452225,3048.42156266265
1992,COD,D.R. of the Congo,35.91482544,1052.1409074681
1996,COD,D.R. of the Congo,41.59574509,758.458595265903
2000,COD,D.R. of the Congo,45.89866638,577.015165119052
2004,COD,D.R. of the Congo,51.39003372,520.704607547006
2008,COD,D.R. of the Congo,58.41756058,618.258682858544
2012,COD,D.R. of the Congo,66.71360016,675.569182773961
2016,COD,D.R. of the Congo,76.19661713,844.143907993465
1992,COG,Congo,2.507771969,2450.73392316875
1996,COG,Congo,2.799254894,1479.91617586505
2000,COG,Congo,3.136343956,1545.46283666599
2004,COG,Congo,3.502518892,2202.64344915345
2008,COG,Congo,3.976246119,2833.56753400204
2012,COG,Congo,4.512730122,5527.94221138669
2016,COG,Congo,4.995647907,3742.82853157049
1992,COL,Colombia,34.91676712,6805.60348222754
1996,COL,Colombia,37.44197845,7604.22473882386
2000,COL,Colombia,39.81927872,6874.14589362004
2004,COL,Colombia,42.1521492,7027.44935719671
2008,COL,Colombia,44.37457275,9024.03899764871
2012,COL,Colombia,46.40664673,11583.9750419304
2016,COL,Colombia,48.22869873,12509.2997714392
1992,COM,Comoros,0.423871994,3272.71712836966
1996,COM,Comoros,0.475394011,3146.14619324685
2000,COM,Comoros,0.528847992,2742.64492432827
2004,COM,Comoros,0.583211005,2789.78690396969
2008,COM,Comoros,0.64161998,2297.0301439179
2012,COM,Comoros,0.706569016,2469.20976506561
2016,COM,Comoros,0.777423978,2814.99024976047
1992,CPV,Cabo Verde,0.349934012,2022.30057277199
1996,CPV,Cabo Verde,0.389126986,2414.93811560013
2000,CPV,Cabo Verde,0.426284999,3340.03430179348
2004,CPV,Cabo Verde,0.460146993,3904.98597477524
2008,CPV,Cabo Verde,0.486438006,5006.97012971474
2012,CPV,Cabo Verde,0.508067012,5975.95633506708
2016,CPV,Cabo Verde,0.532913029,6135.576692759
1992,CRI,Costa Rica,3.175648928,7346.58101035531
1996,CRI,Costa Rica,3.510926008,8860.11133220099
2000,CRI,Costa Rica,3.848722935,9654.22203871893
2004,CRI,Costa Rica,4.12597084,10207.4432692791
2008,CRI,Costa Rica,4.369469166,11622.5618835274
2012,CRI,Costa Rica,4.600473881,13320.6403068806
2016,CRI,Costa Rica,4.807851791,15158.8540180106
1992,CUW,Curaçao,NA,NA
1996,CUW,Curaçao,NA,NA
2000,CUW,Curaçao,NA,NA
2004,CUW,Curaçao,NA,NA
2008,CUW,Curaçao,0.135498002,29692.5918140107
2012,CUW,Curaçao,0.150592998,27348.4258876366
2016,CUW,Curaçao,0.158010006,25739.0323622923
1992,CYM,Cayman Islands,0.026213,57814.577881204
1996,CYM,Cayman Islands,0.031672001,57231.5495632878
2000,CYM,Cayman Islands,0.039808001,67981.6814715213
2004,CYM,Cayman Islands,0.046027999,61949.7195826393
2008,CYM,Cayman Islands,0.051483002,64219.0921578349
2012,CYM,Cayman Islands,0.056579001,53180.6656678155
2016,CYM,Cayman Islands,0.059962999,54311.2556962002
1992,CYP,Cyprus,0.594900012,20136.8119152097
1996,CYP,Cyprus,0.650699973,23219.1783877637
2000,CYP,Cyprus,0.686399996,25254.6860591765
2004,CYP,Cyprus,0.717836022,27344.6035144779
2008,CYP,Cyprus,0.76712501,34802.5903887555
2012,CYP,Cyprus,0.85088098,33334.5796141782
2016,CYP,Cyprus,0.84700799,30849.1800059643
1992,CZE,Czech Republic,10.34675026,18528.8612542582
1996,CZE,Czech Republic,10.35845566,19831.1822382218
2000,CZE,Czech Republic,10.30664539,20059.3547635386
2004,CZE,Czech Republic,10.23927689,22211.5935278707
2008,CZE,Czech Republic,10.35658646,27911.0817465236
2012,CZE,Czech Republic,10.5687151,29232.1278771154
2016,CZE,Czech Republic,10.60376167,32849.0797266287
1992,DEU,Germany,79.56445313,27081.0194155356
1996,DEU,Germany,81.24060059,29964.7926322648
2000,DEU,Germany,81.48161316,34203.2563165813
2004,DEU,Germany,81.68649292,34568.1782760028
2008,DEU,Germany,81.34445953,39135.4004734144
2012,DEU,Germany,80.93398285,42547.121477786
2016,DEU,Germany,81.70778656,45995.227728269
1992,DJI,Djibouti,0.606844008,2216.18995041638
1996,DJI,Djibouti,0.630388021,2677.70385186301
2000,DJI,Djibouti,0.700098991,2502.63628790175
2004,DJI,Djibouti,0.758615017,2420.60750558541
2008,DJI,Djibouti,0.809401989,2829.76356758125
2012,DJI,Djibouti,0.865936995,2403.7590702543
2016,DJI,Djibouti,0.927414,2909.89882404191
1992,DMA,Dominica,0.070841998,7255.33750473836
1996,DMA,Dominica,0.071368001,8335.86044115205
2000,DMA,Dominica,0.069903001,8922.1394972728
2004,DMA,Dominica,0.070092998,7938.83210702444
2008,DMA,Dominica,0.070950001,9243.71535667773
2012,DMA,Dominica,0.071718,10087.5042165147
2016,DMA,Dominica,0.073161997,9961.24290866473
1992,DNK,Denmark,5.15490818,25824.7840604602
1996,DNK,Denmark,5.232704163,28257.5960715553
2000,DNK,Denmark,5.321774006,33525.471806741
2004,DNK,Denmark,5.386968136,34175.2096823615
2008,DNK,Denmark,5.469956875,41254.7899474984
2012,DNK,Denmark,5.582872868,43851.8823889507
2016,DNK,Denmark,5.688694954,45765.618073252
1992,DOM,Dominican Republic,7.325622082,4511.59477107189
1996,DOM,Dominican Republic,7.892423153,5675.64126145125
2000,DOM,Dominican Republic,8.429112434,7454.46405205704
2004,DOM,Dominican Republic,8.967760086,7666.42456875379
2008,DOM,Dominican Republic,9.50435257,10017.1185631848
2012,DOM,Dominican Republic,10.02709484,11247.7322594069
2016,DOM,Dominican Republic,10.52839375,13567.5907352914
1992,DZA,Algeria,26.55432892,8286.47788701112
1996,DZA,Algeria,28.90429878,7035.57058926859
2000,DZA,Algeria,30.76561356,7734.68139473049
2004,DZA,Algeria,32.40351486,9797.17887616837
2008,DZA,Algeria,34.30007553,12400.205930392
2012,DZA,Algeria,36.81955719,13422.7425644931
2016,DZA,Algeria,39.87152863,11697.4015626047
1992,ECU,Ecuador,10.46098995,5808.46602285475
1996,ECU,Ecuador,11.44058323,5182.49297243214
2000,ECU,Ecuador,12.39869118,4987.69441969439
2004,ECU,Ecuador,13.28960133,5995.54643525187
2008,ECU,Ecuador,14.20545292,8057.2701584794
2012,ECU,Ecuador,15.17735481,9833.57599320695
2016,ECU,Ecuador,16.14436722,10318.3792111488
1992,EGY,Egypt,58.75239182,2280.83028194919
1996,EGY,Egypt,63.71438599,3657.96337795015
2000,EGY,Egypt,68.62666321,4559.93866469091
2004,EGY,Egypt,73.98194122,4968.18962085623
2008,EGY,Egypt,79.53725433,6364.81417499794
2012,EGY,Egypt,85.89756012,9641.79379883415
2016,EGY,Egypt,93.77817535,10002.0346845019
1992,ESP,Spain,39.40319824,18110.5127724272
1996,ESP,Spain,39.89049911,20313.7578014626
2000,ESP,Spain,40.53972244,25101.7459358807
2004,ESP,Spain,42.65340424,27689.3403010592
2008,ESP,Spain,45.39385986,34771.5363898998
2012,ESP,Spain,46.90913773,32448.5339884332
2016,ESP,Spain,46.39766312,34268.420391945
1992,EST,Estonia,1.548215032,11472.7015387873
1996,EST,Estonia,1.433024049,9409.89747479109
2000,EST,Estonia,1.403789043,10772.3441106813
2004,EST,Estonia,1.37290895,14623.4817538337
2008,EST,Estonia,1.344071984,23205.4526850401
2012,EST,Estonia,1.328449011,25226.378093935
2016,EST,Estonia,1.315320969,28071.6949932545
1992,ETH,Ethiopia,49.82108307,648.493498116158
1996,ETH,Ethiopia,57.3098793,560.816947314701
2000,ETH,Ethiopia,64.6400528,524.518723320102
2004,ETH,Ethiopia,72.54514313,477.058771777214
2008,ETH,Ethiopia,81.00041199,764.970839131654
2012,ETH,Ethiopia,90.04675293,1075.05568263249
2016,ETH,Ethiopia,99.87303162,1450.52514627972
1992,FIN,Finland,5.019124985,23340.3684805829
1996,FIN,Finland,5.119005203,24622.0782948479
2000,FIN,Finland,5.175926208,31433.048707019
2004,FIN,Finland,5.227103233,32574.277149349
2008,FIN,Finland,5.298014164,39887.2801126018
2012,FIN,Finland,5.389242172,41382.9345911977
2016,FIN,Finland,5.481966019,40421.8633482923
1992,FJI,Fiji,0.735472977,5503.89204442518
1996,FJI,Fiji,0.775497973,5883.31269564776
2000,FJI,Fiji,0.806493998,6028.74539061356
2004,FJI,Fiji,0.816627979,5848.90191840953
2008,FJI,Fiji,0.834811985,6289.63139286986
2012,FJI,Fiji,0.867085993,7410.17706879276
2016,FJI,Fiji,0.892148972,8491.14218337069
1992,FRA,France,58.83193588,24931.0999725002
1996,FRA,France,59.94758224,25762.373431793
2000,FRA,France,61.14639664,30564.7712326095
2004,FRA,France,62.50452042,31566.6108905728
2008,FRA,France,64.01905823,36463.2004053147
2012,FRA,France,65.48111725,37861.7432646203
2016,FRA,France,66.66553497,39247.2587398784
1992,GAB,Gabon,0.978223026,9112.61210896911
1996,GAB,Gabon,1.086137056,8654.63621011012
2000,GAB,Gabon,1.200773001,7821.48509100264
2004,GAB,Gabon,1.328145981,10472.1808889771
2008,GAB,Gabon,1.489192963,14476.7759623103
2012,GAB,Gabon,1.697100997,15253.3333701176
2016,GAB,Gabon,1.930174947,12813.4282534546
1992,GBR,United Kingdom,57.33944702,22394.5632847158
1996,GBR,United Kingdom,57.97832108,25831.6142499792
2000,GBR,United Kingdom,58.74672699,31109.6246317024
2004,GBR,United Kingdom,59.58022308,34487.6352215229
2008,GBR,United Kingdom,61.41466141,37910.1984208106
2012,GBR,United Kingdom,63.81188202,36591.390601333
2016,GBR,United Kingdom,65.39707947,40705.4033845833
1992,GEO,Georgia,5.370648861,9199.5081802463
1996,GEO,Georgia,5.020061016,2527.44550704879
2000,GEO,Georgia,4.773169041,2914.4834701026
2004,GEO,Georgia,4.579082012,3698.52592192446
2008,GEO,Georgia,4.390534878,5908.85393713526
2012,GEO,Georgia,4.171256065,8059.49251403726
2016,GEO,Georgia,3.951524019,10487.4765864355
1992,GHA,Ghana,15.03951359,2909.3480602387
1996,GHA,Ghana,16.76046753,2616.27080518559
2000,GHA,Ghana,18.47761154,2731.38509004503
2004,GHA,Ghana,20.44678116,2930.03484417398
2008,GHA,Ghana,22.70021248,3537.09898137482
2012,GHA,Ghana,25.12179565,4506.85619282155
2016,GHA,Ghana,27.58282089,4875.0378881208
1992,GIN,Guinea,6.37432909,3026.9827785123
1996,GIN,Guinea,7.871172905,2837.20273325644
2000,GIN,Guinea,8.653768539,2440.14242290332
2004,GIN,Guinea,9.309847832,1693.5533119893
2008,GIN,Guinea,10.09672737,1556.79562733405
2012,GIN,Guinea,11.0351696,1687.70096745953
2016,GIN,Guinea,12.09153271,1881.11297430382
1992,GMB,Gambia,0.949492991,2606.37892902571
1996,GMB,Gambia,1.066223025,2503.69734418369
2000,GMB,Gambia,1.195420027,2593.42213613425
2004,GMB,Gambia,1.354194045,2468.35965003819
2008,GMB,Gambia,1.539116025,2435.60866439553
2012,GMB,Gambia,1.746363044,2251.18161112438
2016,GMB,Gambia,1.977589965,2390.45624657587
1992,GNB,Guinea-Bissau,1.037155032,1437.6386875593
1996,GNB,Guinea-Bissau,1.137122035,1453.38782481689
2000,GNB,Guinea-Bissau,1.220793962,1603.57687204878
2004,GNB,Guinea-Bissau,1.32120204,1423.93302919817
2008,GNB,Guinea-Bissau,1.445958018,1345.19345498729
2012,GNB,Guinea-Bissau,1.596153975,1477.50925783961
2016,GNB,Guinea-Bissau,1.770526052,1515.24335322235
1992,GNQ,Equatorial Guinea,0.440623999,1786.14684353586
1996,GNQ,Equatorial Guinea,0.504871011,1556.560924826
2000,GNQ,Equatorial Guinea,0.589937985,6602.66409866793
2004,GNQ,Equatorial Guinea,0.694611013,11444.2080534649
2008,GNQ,Equatorial Guinea,0.829326987,21142.2257262201
2012,GNQ,Equatorial Guinea,0.994289994,34364.6206299849
2016,GNQ,Equatorial Guinea,1.175389051,19333.1947159681
1992,GRC,Greece,10.34189224,17190.0435601522
1996,GRC,Greece,10.78937531,18972.8373161949
2000,GRC,Greece,11.09026623,22682.5694877841
2004,GRC,Greece,11.24356747,26036.3509696625
2008,GRC,Greece,11.38089657,30585.6917035491
2012,GRC,Greece,11.42280483,25408.2927196437
2016,GRC,Greece,11.21780014,24684.134504468
1992,GRD,Grenada,0.096454002,4766.26286797307
1996,GRD,Grenada,0.100254998,5678.76998212099
2000,GRD,Grenada,0.101442002,7376.28578939126
2004,GRD,Grenada,0.102375001,8627.186151627
2008,GRD,Grenada,0.103586003,10534.4098178979
2012,GRD,Grenada,0.105075002,10857.7123415139
2016,GRD,Grenada,0.106822997,12230.8290320669
1992,GTM,Guatemala,9.483269691,3736.86877360789
1996,GTM,Guatemala,10.40848923,4215.44764474911
2000,GTM,Guatemala,11.38720322,4699.43538778787
2004,GTM,Guatemala,12.50047779,5083.34913572932
2008,GTM,Guatemala,13.70028591,5793.80529584875
2012,GTM,Guatemala,14.9489193,6589.41236976241
2016,GTM,Guatemala,16.25242805,7239.29043328391
1992,HKG,China Hong Kong SAR,5.85408783,25622.632416159
1996,HKG,China Hong Kong SAR,6.140100956,31325.7649635297
2000,HKG,China Hong Kong SAR,6.579564095,33348.6615726934
2004,HKG,China Hong Kong SAR,6.782570839,38520.0892997264
2008,HKG,China Hong Kong SAR,6.898396969,47759.3564824611
2012,HKG,China Hong Kong SAR,7.065814972,49544.7448577769
2016,HKG,China Hong Kong SAR,7.245700836,53753.2371009418
1992,HND,Honduras,5.09995079,2864.44859598341
1996,HND,Honduras,5.709051132,3052.0679719146
2000,HND,Honduras,6.357221127,2937.23099715609
2004,HND,Honduras,7.033821106,3161.91378837152
2008,HND,Honduras,7.70797205,3652.12666151274
2012,HND,Honduras,8.351599693,3928.96847145377
2016,HND,Honduras,8.960828781,4285.96481627161
1992,HRV,Croatia,4.76000309,9676.68588005055
1996,HRV,Croatia,4.616763115,9262.60855599476
2000,HRV,Croatia,4.456432819,11399.5218133681
2004,HRV,Croatia,4.388946056,15004.379917127
2008,HRV,Croatia,4.362266064,20286.0394716172
2012,HRV,Croatia,4.313371181,20900.2181025144
2016,HRV,Croatia,4.236015797,22173.8265840561
1992,HTI,Haiti,7.243391037,1224.05952567103
1996,HTI,Haiti,7.819806099,1223.46471445417
2000,HTI,Haiti,8.404397964,1584.06379576816
2004,HTI,Haiti,8.97655201,1567.0693897088
2008,HTI,Haiti,9.55688858,1593.27125063124
2012,HTI,Haiti,10.14505386,1515.63225904845
2016,HTI,Haiti,10.71106052,1628.96670291617
1992,HUN,Hungary,10.36356354,11340.0642690516
1996,HUN,Hungary,10.34983826,13300.703019875
2000,HUN,Hungary,10.24995899,14379.7785672897
2004,HUN,Hungary,10.14195633,17915.2304040733
2008,HUN,Hungary,10.02388668,20589.4530124517
2012,HUN,Hungary,9.89820385,23740.5146086176
2016,HUN,Hungary,9.783925056,26094.9719605048
1992,IDN,Indonesia,185.3929901,3412.97559124918
1996,IDN,Indonesia,197.8292999,4292.00389138111
2000,IDN,Indonesia,208.6125488,4030.67135623818
2004,IDN,Indonesia,220.5452118,3722.38669703914
2008,IDN,Indonesia,232.9891357,5094.29225716468
2012,IDN,Indonesia,245.7075043,8876.31212654012
2016,IDN,Indonesia,258.1621094,9995.35139373168
1992,IND,India,888.0548706,1291.57967933339
1996,IND,India,960.4827881,1560.44675507913
2000,IND,India,1034.539185,1921.87427873986
2004,IND,India,1108.027832,2298.00477611107
2008,IND,India,1179.681274,3290.87490457189
2012,IND,India,1247.236084,4513.02890624194
2016,IND,India,1309.053955,5566.69033554083
1992,IRL,Ireland,3.576375008,18011.6137194525
1996,IRL,Ireland,3.651545048,23428.9480905782
2000,IRL,Ireland,3.795698881,33680.0191237299
2004,IRL,Ireland,4.049547195,39474.0391215517
2008,IRL,Ireland,4.398073196,50000.5889397208
2012,IRL,Ireland,4.66257906,44431.7499465628
2016,IRL,Ireland,4.700107098,67984.7540359175
1992,IRN,Iran (Islamic Republic of),57.37558365,3505.35241309044
1996,IRN,Iran (Islamic Republic of),60.57564545,5036.14165451703
2000,IRN,Iran (Islamic Republic of),65.06266022,6988.87952417633
2004,IRN,Iran (Islamic Republic of),68.81271362,10529.6158134564
2008,IRN,Iran (Islamic Republic of),72.03110504,16489.9507558631
2012,IRN,Iran (Islamic Republic of),75.49158478,18347.4059265868
2016,IRN,Iran (Islamic Republic of),79.36048889,14835.4129550776
1992,IRQ,Iraq,17.94271469,1584.06954025974
1996,IRQ,Iraq,20.20838737,1999.99201024817
2000,IRQ,Iraq,22.87815666,5082.87372222234
2004,IRQ,Iraq,25.62762642,2889.00328366813
2008,IRQ,Iraq,28.39043236,5857.14816496722
2012,IRQ,Iraq,31.72705269,12167.9301973637
2016,IRQ,Iraq,36.11565018,15205.3541127748
1992,ISL,Iceland,0.257624,30374.4374825327
1996,ISL,Iceland,0.267628998,29273.0275625812
2000,ISL,Iceland,0.277869999,38356.385750014
2004,ISL,Iceland,0.287952006,37628.2289903547
2008,ISL,Iceland,0.305200011,46952.854533154
2012,ISL,Iceland,0.323417991,39990.7575642568
2016,ISL,Iceland,0.330242991,45361.7068287757
1992,ISR,Israel,4.643198013,22965.1423009428
1996,ISR,Israel,5.333718777,27008.9875044044
2000,ISR,Israel,5.891769886,31149.2933958759
2004,ISR,Israel,6.349518776,30783.6394844295
2008,ISR,Israel,6.922685146,29824.3964510357
2012,ISR,Israel,7.568774223,31350.5561546462
2016,ISR,Israel,8.064546585,36770.4956347524
1992,ITA,Italy,57.15251541,25946.7779215284
1996,ITA,Italy,57.2551918,28320.1217046661
2000,ITA,Italy,57.17998886,32726.0906710152
2004,ITA,Italy,58.14703751,32603.8235339842
2008,ITA,Italy,59.31351089,35872.6573098327
2012,ITA,Italy,59.75992966,36696.6169886218
2016,ITA,Italy,59.50421143,36655.3382959435
1992,JAM,Jamaica,2.443689108,4805.383484158
1996,JAM,Jamaica,2.537440062,5330.92410440551
2000,JAM,Jamaica,2.634881973,5612.23660168857
2004,JAM,Jamaica,2.712511063,6246.82287977824
2008,JAM,Jamaica,2.775466919,7267.46735546301
2012,JAM,Jamaica,2.829493046,7384.70404779358
2016,JAM,Jamaica,2.871933937,7466.73876920728
1992,JOR,Jordan,3.753432989,2868.51356386371
1996,JOR,Jordan,4.57290411,3312.71425020106
2000,JOR,Jordan,5.014898777,3615.94100626051
2004,JOR,Jordan,5.396773815,4263.61062715763
2008,JOR,Jordan,6.193191051,6278.17252201865
2012,JOR,Jordan,7.574943066,9120.35629681391
2016,JOR,Jordan,9.159301758,8814.8077782765
1992,JPN,Japan,124.9400177,27763.5725835182
1996,JPN,Japan,126.3754654,31912.3631888124
2000,JPN,Japan,127.3358612,33180.2876281957
2004,JPN,Japan,128.0677948,34282.5298651898
2008,JPN,Japan,128.505249,36599.7345369137
2012,JPN,Japan,128.5054016,35599.6825272752
2016,JPN,Japan,127.9749603,38797.449035036
1992,KAZ,Kazakhstan,16.54001617,10930.4297252087
1996,KAZ,Kazakhstan,16.03495598,5886.99337919854
2000,KAZ,Kazakhstan,15.16557407,5302.25250681856
2004,KAZ,Kazakhstan,15.2323246,7842.11598930868
2008,KAZ,Kazakhstan,15.84135532,13919.6137227986
2012,KAZ,Kazakhstan,16.64738083,22021.7186861821
2016,KAZ,Kazakhstan,17.74964714,21804.6412104618
1992,KEN,Kenya,24.17959785,2086.22792872463
1996,KEN,Kenya,27.34645653,2096.62690107953
2000,KEN,Kenya,30.60039711,2036.18157686059
2004,KEN,Kenya,34.13085175,1820.55685879565
2008,KEN,Kenya,38.0859108,2094.29316050386
2012,KEN,Kenya,42.48683929,2477.52914923882
2016,KEN,Kenya,47.23625946,2818.18462176768
1992,KGZ,Kyrgyzstan,4.419631004,7343.25302737423
1996,KGZ,Kyrgyzstan,4.566086769,2958.66379975926
2000,KGZ,Kyrgyzstan,4.861128807,1988.15724921399
2004,KGZ,Kyrgyzstan,5.01226902,2097.15633340048
2008,KGZ,Kyrgyzstan,5.189720154,2475.68424091177
2012,KGZ,Kyrgyzstan,5.506600857,3466.40582379149
2016,KGZ,Kyrgyzstan,5.865400791,3676.87935717742
1992,KHM,Cambodia,9.286975861,1134.46699309774
1996,KHM,Cambodia,10.65355778,1180.23402788547
2000,KHM,Cambodia,11.88363647,1264.04112982766
2004,KHM,Cambodia,12.85312366,1606.8669621747
2008,KHM,Cambodia,13.67669296,2179.55164140791
2012,KHM,Cambodia,14.53788567,2607.94268992212
2016,KHM,Cambodia,15.51763535,3153.11864252565
1992,KNA,Saint Kitts and Nevis,0.041012999,10479.8711159845
1996,KNA,Saint Kitts and Nevis,0.042890999,11959.912502854
2000,KNA,Saint Kitts and Nevis,0.044824,14908.5354475281
2004,KNA,Saint Kitts and Nevis,0.047306001,14277.0486074272
2008,KNA,Saint Kitts and Nevis,0.049782999,18598.529268998
2012,KNA,Saint Kitts and Nevis,0.052005999,21456.821221721
2016,KNA,Saint Kitts and Nevis,0.054288,24080.4670645447
1992,KOR,Republic of Korea,43.37810135,13510.3322704556
1996,KOR,Republic of Korea,45.29861069,20014.5583648142
2000,KOR,Republic of Korea,47.02388,20841.6699664086
2004,KOR,Republic of Korea,48.26502609,25081.4870117892
2008,KOR,Republic of Korea,49.06242752,29846.181671363
2012,KOR,Republic of Korea,49.74465942,32293.8486006424
2016,KOR,Republic of Korea,50.59366226,35273.0395524445
1992,KWT,Kuwait,2.035660982,11997.6243175839
1996,KWT,Kuwait,1.610651016,42295.4751359993
2000,KWT,Kuwait,1.957066059,36943.3109666944
2004,KWT,Kuwait,2.169117928,41541.0865711124
2008,KWT,Kuwait,2.503410101,77976.1623642981
2012,KWT,Kuwait,3.191051006,75861.9131893625
2016,KWT,Kuwait,3.935794115,44860.883964201
1992,LAO,Lao People's DR,4.380073071,1173.76573510593
1996,LAO,Lao People's DR,4.851922989,1369.56077684357
2000,LAO,Lao People's DR,5.241283894,1668.57096064028
2004,LAO,Lao People's DR,5.579656124,2153.90002769282
2008,LAO,Lao People's DR,5.94978714,3187.68986582602
2012,LAO,Lao People's DR,6.333487034,4635.1986737169
2016,LAO,Lao People's DR,6.663967133,5714.35668873969
1992,LBN,Lebanon,2.75246191,5311.2660948685
1996,LBN,Lebanon,3.033394098,5200.86282570462
2000,LBN,Lebanon,3.156646013,6889.70857056312
2004,LBN,Lebanon,3.701463938,9813.90947972542
2008,LBN,Lebanon,4.086465836,13482.2537960892
2012,LBN,Lebanon,4.588367939,15753.7990677691
2016,LBN,Lebanon,5.851479053,14991.3019025551
1992,LBR,Liberia,2.060266972,766.335555759227
1996,LBR,Liberia,2.073482037,241.226847387441
2000,LBR,Liberia,2.734518051,585.857162805761
2004,LBR,Liberia,3.11623311,570.160781713792
2008,LBR,Liberia,3.512932062,726.693029339888
2012,LBR,Liberia,4.070167065,719.146916884602
2016,LBR,Liberia,4.499620914,867.164848011905
1992,LCA,Saint Lucia,0.140156001,7114.37910389581
1996,LCA,Saint Lucia,0.147044003,7699.56712209474
2000,LCA,Saint Lucia,0.155172005,8729.05760932843
2004,LCA,Saint Lucia,0.160972998,9172.72419191696
2008,LCA,Saint Lucia,0.167288005,9941.72576808481
2012,LCA,Saint Lucia,0.173831999,11901.4454352561
2016,LCA,Saint Lucia,0.177205995,11804.1084840273
1992,LKA,Sri Lanka,17.5396328,2926.83222535879
1996,LKA,Sri Lanka,18.24712181,3791.2250507413
2000,LKA,Sri Lanka,18.66910362,4400.5690558163
2004,LKA,Sri Lanka,19.21530724,4928.79064472351
2008,LKA,Sri Lanka,19.81078911,6157.13421725481
2012,LKA,Sri Lanka,20.3150177,8920.83428014931
2016,LKA,Sri Lanka,20.71404076,11479.0706581578
1992,LSO,Lesotho,1.634516954,1422.93971702664
1996,LSO,Lesotho,1.761358976,1654.33507292042
2000,LSO,Lesotho,1.850527048,1840.56978452768
2004,LSO,Lesotho,1.918097019,2047.99974562705
2008,LSO,Lesotho,1.982287049,2277.87881188947
2012,LSO,Lesotho,2.064166069,2507.73894878901
2016,LSO,Lesotho,2.174644947,3001.93221335087
1992,LTU,Lithuania,3.697453022,11642.2783694262
1996,LTU,Lithuania,3.626601934,8365.70610509138
2000,LTU,Lithuania,3.529177904,10373.2805020985
2004,LTU,Lithuania,3.41435194,14154.0300148438
2008,LTU,Lithuania,3.260091066,20144.6035894262
2012,LTU,Lithuania,3.079880953,22853.9297083669
2016,LTU,Lithuania,2.931926012,27933.3180799243
1992,LUX,Luxembourg,0.386352003,45637.0276149442
1996,LUX,Luxembourg,0.408149004,50686.8876984936
2000,LUX,Luxembourg,0.431261986,64435.7136313888
2004,LUX,Luxembourg,0.447322011,67130.5107764974
2008,LUX,Luxembourg,0.474721998,87294.5939614958
2012,LUX,Luxembourg,0.519940972,92324.3849880713
2016,LUX,Luxembourg,0.56674099,97541.0508422904
1992,LVA,Latvia,2.64915204,14219.7402569616
1996,LVA,Latvia,2.508472919,8205.33060337177
2000,LVA,Latvia,2.408090115,9654.83669202305
2004,LVA,Latvia,2.305774927,12324.4222223256
2008,LVA,Latvia,2.198518038,19076.6323428273
2012,LVA,Latvia,2.092493057,19956.5271628043
2016,LVA,Latvia,1.992663026,23866.8207466404
1992,MAC,China Macao SAR,0.353763998,25380.2015291562
1996,MAC,China Macao SAR,0.38568601,32337.6993632722
2000,MAC,China Macao SAR,0.418603987,27848.0358334475
2004,MAC,China Macao SAR,0.460146993,33916.0069877931
2008,MAC,China Macao SAR,0.503822982,59831.1348568057
2012,MAC,China Macao SAR,0.549439013,107306.602179704
2016,MAC,China Macao SAR,0.600942016,95032.7491829095
1992,MAR,Morocco,25.33686256,4398.34634758346
1996,MAR,Morocco,27.07523155,4620.97386938137
2000,MAR,Morocco,28.51479721,4680.86739025418
2004,MAR,Morocco,29.84393692,4541.06370628262
2008,MAR,Morocco,31.22588158,4890.71109837982
2012,MAR,Morocco,32.85882187,6705.78240059098
2016,MAR,Morocco,34.80332184,7690.07592810859
1992,MDA,Republic of Moldova,4.373578072,5050.06901132094
1996,MDA,Republic of Moldova,4.339081764,2683.55173359669
2000,MDA,Republic of Moldova,4.224273205,1792.58716529912
2004,MDA,Republic of Moldova,4.171646118,2272.94305288433
2008,MDA,Republic of Moldova,4.128649235,2952.62608328605
2012,MDA,Republic of Moldova,4.077367783,4298.70430454618
2016,MDA,Republic of Moldova,4.065979958,4964.57856617895
1992,MDG,Madagascar,11.94281864,1178.46987166507
1996,MDG,Madagascar,13.47539997,1065.62047449193
2000,MDG,Madagascar,15.28252125,1137.55618432397
2004,MDG,Madagascar,17.27914047,1172.3809072084
2008,MDG,Madagascar,19.43352318,1265.736154076
2012,MDG,Madagascar,21.74394989,1459.22002168485
2016,MDG,Madagascar,24.2340889,1499.67276591116
1992,MDV,Maldives,0.229754001,4874.98205091105
1996,MDV,Maldives,0.254081994,5508.94749747595
2000,MDV,Maldives,0.274484009,7078.54492171892
2004,MDV,Maldives,0.30220899,8912.9196752221
2008,MDV,Maldives,0.336070001,13196.8631856552
2012,MDV,Maldives,0.375131011,13223.649681151
2016,MDV,Maldives,0.418403,15441.4056997679
1992,MEX,Mexico,87.07151031,11509.8016496092
1996,MEX,Mexico,94.045578,10873.5269296766
2000,MEX,Mexico,100.3005753,12939.6354020713
2004,MEX,Mexico,105.6404495,12808.1123888061
2008,MEX,Mexico,111.8363495,14544.9892389415
2012,MEX,Mexico,119.0900192,15777.2384085735
2016,MEX,Mexico,125.8909454,17702.9252812331
1992,MKD,North Macedonia,1.993301988,5792.91613589661
1996,MKD,North Macedonia,1.983252048,5646.05532175908
2000,MKD,North Macedonia,2.024394035,6547.88339662343
2004,MKD,North Macedonia,2.053426027,7413.78647676019
2008,MKD,North Macedonia,2.065458059,9484.37468610928
2012,MKD,North Macedonia,2.072382927,11321.3336996382
2016,MKD,North Macedonia,2.079308033,13060.5677124319
1992,MLI,Mali,8.652514458,733.926377681876
1996,MLI,Mali,9.604450226,876.981157359584
2000,MLI,Mali,10.66372299,1186.70911761934
2004,MLI,Mali,12.00512791,1393.57685194376
2008,MLI,Mali,13.67560577,1459.51315763909
2012,MLI,Mali,15.54098892,1841.39740831885
2016,MLI,Mali,17.46790504,2193.62466490715
1992,MLT,Malta,0.367527992,14368.860633614
1996,MLT,Malta,0.380304992,16547.7511875521
2000,MLT,Malta,0.393804997,21443.6194470128
2004,MLT,Malta,0.403210998,23572.8249307327
2008,MLT,Malta,0.410324007,26411.1976270499
2012,MLT,Malta,0.418366998,28653.4344900694
2016,MLT,Malta,0.427616,36037.3934090399
1992,MMR,Myanmar,41.19015503,770.830669291608
1996,MMR,Myanmar,43.23779297,957.118135255274
2000,MMR,Myanmar,45.53943634,1058.93709531144
2004,MMR,Myanmar,47.62489319,1440.73633480416
2008,MMR,Myanmar,49.17158508,2376.77728122569
2012,MMR,Myanmar,50.55303192,3885.48282941444
2016,MMR,Myanmar,52.40366745,5135.80526700331
1992,MNE,Montenegro,0.615741014,8873.99394674723
1996,MNE,Montenegro,0.620414019,4969.39020006252
2000,MNE,Montenegro,0.614650011,6593.54127140819
2004,MNE,Montenegro,0.614096999,7822.10427639624
2008,MNE,Montenegro,0.619484007,12175.4957622336
2012,MNE,Montenegro,0.625465989,14083.4964681029
2016,MNE,Montenegro,0.628178,14778.1840147219
1992,MNG,Mongolia,2.217917919,2401.64781093506
1996,MNG,Mongolia,2.29803896,2537.23018212015
2000,MNG,Mongolia,2.376162052,2395.92742052595
2004,MNG,Mongolia,2.469285965,3574.62584856995
2008,MNG,Mongolia,2.591670036,6585.09543766628
2012,MNG,Mongolia,2.761516094,8670.37881184987
2016,MNG,Mongolia,2.976876974,11445.868172448
1992,MOZ,Mozambique,13.59197044,530.939332958114
1996,MOZ,Mozambique,15.75913239,426.594411838684
2000,MOZ,Mozambique,17.58486938,612.73668272195
2004,MOZ,Mozambique,19.71659851,814.353165524797
2008,MOZ,Mozambique,22.18838692,974.395996786593
2012,MOZ,Mozambique,24.9390049,927.920741536885
2016,MOZ,Mozambique,28.01069069,1239.73201461959
1992,MRT,Mauritania,2.085201979,1976.68740079399
1996,MRT,Mauritania,2.327075005,2023.94594625453
2000,MRT,Mauritania,2.628803015,2079.43789846878
2004,MRT,Mauritania,2.957117081,2193.23108803212
2008,MRT,Mauritania,3.312664986,2865.25410601843
2012,MRT,Mauritania,3.71767211,3156.09258504511
2016,MRT,Mauritania,4.182341099,3045.03452696506
1992,MSR,Montserrat,0.010766,19509.077558982
1996,MSR,Montserrat,0.010233,18177.4585654256
2000,MSR,Montserrat,0.005787,15948.8148660791
2004,MSR,Montserrat,0.004471,19078.0236926862
2008,MSR,Montserrat,0.004889,17712.7013397423
2012,MSR,Montserrat,0.004994,17878.6351481778
2016,MSR,Montserrat,0.005124,19813.1043130367
1992,MUS,Mauritius,1.068439007,10304.7931588668
1996,MUS,Mauritius,1.128672957,12961.216550172
2000,MUS,Mauritius,1.175573945,14096.0550805675
2004,MUS,Mauritius,1.208994031,13989.2291411983
2008,MUS,Mauritius,1.233911037,14960.7641040981
2012,MUS,Mauritius,1.251023054,16517.7264910739
2016,MUS,Mauritius,1.259456038,20104.2770577436
1992,MWI,Malawi,9.641153336,1020.52369131618
1996,MWI,Malawi,9.909088135,1059.37058354765
2000,MWI,Malawi,11.04435635,894.027650692383
2004,MWI,Malawi,12.33668709,893.59619155259
2008,MWI,Malawi,13.84096909,1148.40718569945
2012,MWI,Malawi,15.62761784,1052.53640627803
2016,MWI,Malawi,17.57360649,1090.09799103565
1992,MYS,Malaysia,18.52945328,8634.60193251854
1996,MYS,Malaysia,20.49559784,11717.204410174
2000,MYS,Malaysia,22.65628624,12831.6001669654
2004,MYS,Malaysia,24.68870354,14320.0727704149
2008,MYS,Malaysia,26.62584496,18120.3146125433
2012,MYS,Malaysia,28.63512802,21750.0664591057
2016,MYS,Malaysia,30.72315407,24269.4117049682
1992,NAM,Namibia,1.465739965,4806.16317847347
1996,NAM,Namibia,1.65535903,4865.12306094709
2000,NAM,Namibia,1.858042002,5210.98263579512
2004,NAM,Namibia,1.986534953,5593.60389467056
2008,NAM,Namibia,2.079915047,7356.49177213727
2012,NAM,Namibia,2.215620995,8976.76252611968
2016,NAM,Namibia,2.425560951,11279.9285825904
1992,NER,Niger,8.272975922,803.887684395946
1996,NER,Niger,9.477333069,753.482116225074
2000,NER,Niger,10.94782925,740.004496416493
2004,NER,Niger,12.65686989,729.418209022926
2008,NER,Niger,14.66833782,705.530583423664
2012,NER,Niger,17.06463623,768.58583583179
2016,NER,Niger,19.89696503,873.475512159555
1992,NGA,Nigeria,97.72632599,696.720208810134
1996,NGA,Nigeria,108.011467,415.477732378174
2000,NGA,Nigeria,119.3270721,510.13665389348
2004,NGA,Nigeria,131.9725342,1549.97674811643
2008,NGA,Nigeria,146.4170227,4468.6833568567
2012,NGA,Nigeria,162.8770752,5225.14793106992
2016,NGA,Nigeria,181.1817474,4970.53345838302
1992,NIC,Nicaragua,4.236801147,2981.74705436559
1996,NIC,Nicaragua,4.612227917,3068.75550269993
2000,NIC,Nicaragua,4.949659824,3348.9316153861
2004,NIC,Nicaragua,5.240879059,3422.36241250382
2008,NIC,Nicaragua,5.522106171,3710.57400120386
2012,NIC,Nicaragua,5.807819843,4062.68318712379
2016,NIC,Nicaragua,6.082035065,4874.78692298529
1992,NLD,Netherlands,15.06451893,26933.385784527
1996,NLD,Netherlands,15.46785069,29445.6795664867
2000,NLD,Netherlands,15.83552265,37786.1738905094
2004,NLD,Netherlands,16.20095062,38763.7014166765
2008,NLD,Netherlands,16.50705528,46014.8963346781
2012,NLD,Netherlands,16.73700142,46337.7059329902
2016,NLD,Netherlands,16.93849945,47898.944791122
1992,NOR,Norway,4.269471169,26668.1630096751
1996,NOR,Norway,4.366994858,30007.1572926043
2000,NOR,Norway,4.474003792,37644.9551073604
2004,NOR,Norway,4.57010603,41154.5087937489
2008,NOR,Norway,4.719647884,57068.1609348635
2012,NOR,Norway,4.947595119,60559.1629051003
2016,NOR,Norway,5.199835777,58096.3720308662
1992,NPL,Nepal,19.24505424,1037.79910157323
1996,NPL,Nepal,21.39638329,1228.33405504954
2000,NPL,Nepal,23.30599403,1249.81578483653
2004,NPL,Nepal,24.95062256,1247.60774065431
2008,NPL,Nepal,26.21484756,1384.99711649668
2012,NPL,Nepal,27.32714653,1927.74254978169
2016,NPL,Nepal,28.65628242,2257.40761526177
1992,NZL,New Zealand,3.446170092,20233.5145824253
1996,NZL,New Zealand,3.674936056,23947.9018053423
2000,NZL,New Zealand,3.81813097,27407.7325587393
2004,NZL,New Zealand,4.022068977,29040.1417200757
2008,NZL,New Zealand,4.233150959,31360.8958399539
2012,NZL,New Zealand,4.418365002,32041.2146203217
2016,NZL,New Zealand,4.614531994,36598.6599983686
1992,OMN,Oman,1.893771052,9918.39737446784
1996,OMN,Oman,2.204282999,10199.0425821907
2000,OMN,Oman,2.254918098,13500.8931042781
2004,OMN,Oman,2.385255098,20328.8692688081
2008,OMN,Oman,2.662761927,40960.0462189574
2012,OMN,Oman,3.237267971,44477.1692951705
2016,OMN,Oman,4.199810028,32460.4749241291
1992,PAK,Pakistan,110.730423,2467.66024275009
1996,PAK,Pakistan,122.8291473,2618.92541038588
2000,PAK,Pakistan,135.4055786,2710.69403192226
2004,PAK,Pakistan,147.7033997,2804.63585023358
2008,PAK,Pakistan,160.3329773,3563.77987312533
2012,PAK,Pakistan,174.1842651,4351.09085235047
2016,PAK,Pakistan,189.3805084,4689.77414837271
1992,PAN,Panama,2.523180962,6693.49162202501
1996,PAN,Panama,2.739729881,7293.92161562514
2000,PAN,Panama,2.97119689,8885.5099770921
2004,PAN,Panama,3.209173918,10322.0452136306
2008,PAN,Panama,3.453807116,11940.600579271
2012,PAN,Panama,3.70778203,16436.2444250802
2016,PAN,Panama,3.96924901,20581.4141678151
1992,PER,Peru,22.28312874,3526.46352075961
1996,PER,Peru,24.03875923,4707.05255697176
2000,PER,Peru,25.56129837,4911.77214798107
2004,PER,Peru,26.93773842,5473.56582431318
2008,PER,Peru,28.29272461,7983.10795843851
2012,PER,Peru,29.75998878,10373.2334975699
2016,PER,Peru,31.37667084,11173.7167109855
1992,PHL,Philippines,63.50845718,3542.17071062535
1996,PHL,Philippines,69.83571625,4377.09363079669
2000,PHL,Philippines,76.33581543,4311.23522354702
2004,PHL,Philippines,83.0319519,4070.49325309189
2008,PHL,Philippines,89.29348755,4562.72671701689
2012,PHL,Philippines,95.27793884,5710.19646965318
2016,PHL,Philippines,101.716362,6895.73792464186
1992,POL,Poland,38.07721329,7676.04509484313
1996,POL,Poland,38.4526329,10493.7531468749
2000,POL,Poland,38.5616951,13114.0719433778
2004,POL,Poland,38.43882751,14221.3364821751
2008,POL,Poland,38.32958603,17966.8487538841
2012,POL,Poland,38.32094574,23036.238288309
2016,POL,Poland,38.26522446,26227.3484387657
1992,PRT,Portugal,9.974194527,15256.2992919458
1996,PRT,Portugal,10.14973545,17914.5571326197
2000,PRT,Portugal,10.31261063,22412.9928970275
2004,PRT,Portugal,10.487113,23386.1490288128
2008,PRT,Portugal,10.63012028,27020.7960901831
2012,PRT,Portugal,10.62532997,26809.8350455275
2016,PRT,Portugal,10.41847324,28566.6526605198
1992,PRY,Paraguay,4.323410034,3672.38012474854
1996,PRY,Paraguay,4.760849953,3988.32079722131
2000,PRY,Paraguay,5.196937084,3860.9332796764
2004,PRY,Paraguay,5.607950211,4836.60211119517
2008,PRY,Paraguay,5.966158867,5424.76990329865
2012,PRY,Paraguay,6.293783188,7433.96899168812
2016,PRY,Paraguay,6.639119148,8055.43726777533
1992,PSE,State of Palestine,2.190398932,2344.50527708712
1996,PSE,State of Palestine,2.617702007,3350.61854807983
2000,PSE,State of Palestine,3.119076014,3970.69652820587
2004,PSE,State of Palestine,3.440798998,3152.43197184865
2008,PSE,State of Palestine,3.751866102,3371.50974637847
2012,PSE,State of Palestine,4.178874969,4355.15178247966
2016,PSE,State of Palestine,4.662884235,4379.60933636604
1992,QAT,Qatar,0.487491012,22945.3288874175
1996,QAT,Qatar,0.513454974,23020.4334333705
2000,QAT,Qatar,0.569446981,33370.0060831475
2004,QAT,Qatar,0.688585997,72613.7061570249
2008,QAT,Qatar,1.189633012,117916.275342904
2012,QAT,Qatar,1.952054024,153458.307309634
2016,QAT,Qatar,2.481539011,99609.3107963637
1992,ROU,Romania,23.45421219,6692.25006700172
1996,ROU,Romania,22.96511078,7471.86957397294
2000,ROU,Romania,22.28805733,7441.07163959812
2004,ROU,Romania,21.72891808,8970.33416861223
2008,ROU,Romania,21.03611183,14224.0862388494
2012,ROU,Romania,20.29296684,17883.5589522897
2016,ROU,Romania,19.87662125,21156.5037745034
1992,RUS,Russian Federation,148.0359039,13754.8219476235
1996,RUS,Russian Federation,148.2888336,9610.20607825457
2000,RUS,Russian Federation,146.9197388,9084.51451725559
2004,RUS,Russian Federation,144.5847015,11186.560425966
2008,RUS,Russian Federation,143.1501465,18878.2377529736
2012,RUS,Russian Federation,143.2639923,24616.6548438424
2016,RUS,Russian Federation,143.8880005,23968.0862060489
1992,RWA,Rwanda,7.051758766,960.544046778585
1996,RWA,Rwanda,5.928078175,621.793343843682
2000,RWA,Rwanda,7.593238831,731.107663219503
2004,RWA,Rwanda,8.680345535,869.076608020075
2008,RWA,Rwanda,9.447402,1142.89749816934
2012,RWA,Rwanda,10.51607132,1430.39972745259
2016,RWA,Rwanda,11.62955284,1788.23782273644
1992,SAU,Saudi Arabia,16.86782837,17717.8279707621
1996,SAU,Saudi Arabia,18.73584175,17114.0662788743
2000,SAU,Saudi Arabia,20.29440689,17090.4954591654
2004,SAU,Saudi Arabia,22.55642509,20818.6912654074
2008,SAU,Saudi Arabia,25.2525692,34430.7194295304
2012,SAU,Saudi Arabia,28.23801994,52252.6722176399
2016,SAU,Saudi Arabia,31.55714417,41110.8018206959
1992,SDN,Sudan,20.89362526,1531.242876326
1996,SDN,Sudan,24.10298538,1373.59443396883
2000,SDN,Sudan,26.60704231,1654.09421224767
2004,SDN,Sudan,29.4359436,1912.48580256146
2008,SDN,Sudan,32.28252411,2710.73279715735
2012,SDN,Sudan,35.16731262,4204.92217013766
2016,SDN,Sudan,38.64780426,4205.44549715125
1992,SEN,Senegal,7.789652824,2448.67199103301
1996,SEN,Senegal,8.746605873,2211.38927154675
2000,SEN,Senegal,9.645956993,2487.70919851851
2004,SEN,Senegal,10.67098999,2413.62622157234
2008,SEN,Senegal,11.87355709,2582.1528971989
2012,SEN,Senegal,13.30091,2702.13243379588
2016,SEN,Senegal,14.97699356,3003.44928705438
1992,SGP,Singapore,3.096570015,21643.2136962354
1996,SGP,Singapore,3.478779078,28065.4880982356
2000,SGP,Singapore,3.818461895,33958.6278888348
2004,SGP,Singapore,4.249295235,42015.7614677955
2008,SGP,Singapore,4.73252821,63381.7867511454
2012,SGP,Singapore,5.176016808,72151.2219440227
2016,SGP,Singapore,5.535262108,76293.6206561295
1992,SLE,Sierra Leone,4.337238789,1467.0117516096
1996,SLE,Sierra Leone,4.274818897,1627.15637681902
2000,SLE,Sierra Leone,4.437802792,769.311117464365
2004,SLE,Sierra Leone,5.199549198,1027.00253265302
2008,SLE,Sierra Leone,6.015417099,1009.23106429465
2012,SLE,Sierra Leone,6.611691952,1157.86375599127
2016,SLE,Sierra Leone,7.237024784,1265.52404881194
1992,SLV,El Salvador,5.326656818,2579.49597833468
1996,SLV,El Salvador,5.611114979,3546.68466864079
2000,SLV,El Salvador,5.825187206,4195.99645052163
2004,SLV,El Salvador,5.971535206,4788.83638687535
2008,SLV,El Salvador,6.083475113,5679.11036344532
2012,SLV,El Salvador,6.192560196,6359.26902663572
2016,SLV,El Salvador,6.312478065,6794.19316287161
1992,SRB,Serbia,9.602940559,8180.47521041622
1996,SRB,Serbia,9.88414669,4295.31736138165
2000,SRB,Serbia,7.540400982,6230.30838176186
2004,SRB,Serbia,7.48059082,7613.3285031088
2008,SRB,Serbia,7.381578922,10769.4026102022
2012,SRB,Serbia,7.23651886,12847.1755451212
2016,SRB,Serbia,7.095383167,13733.644322862
1992,STP,Sao Tome and Principe,0.116293997,1664.01406600549
1996,STP,Sao Tome and Principe,0.126453996,1465.01260901237
2000,STP,Sao Tome and Principe,0.135885999,1564.139079553
2004,STP,Sao Tome and Principe,0.148371994,2025.43289335318
2008,STP,Sao Tome and Principe,0.163101003,2324.07329401892
2012,STP,Sao Tome and Principe,0.178800002,2974.28511829659
2016,STP,Sao Tome and Principe,0.195553005,3058.83214834771
1992,SUR,Suriname,0.415215999,6454.69416268808
1996,SUR,Suriname,0.443724006,5561.66987278123
2000,SUR,Suriname,0.467002988,6214.47045216764
2004,SUR,Suriname,0.488332003,8458.17283861283
2008,SUR,Suriname,0.509705007,10862.1680952018
2012,SUR,Suriname,0.531588972,14677.3113927578
2016,SUR,Suriname,0.553207994,14579.0289357243
1992,SVK,Slovakia,5.309235096,13447.7189781614
1996,SVK,Slovakia,5.375470161,13761.5985735913
2000,SVK,Slovakia,5.397707939,14190.1420113127
2004,SVK,Slovakia,5.399886131,16613.0065660083
2008,SVK,Slovakia,5.39832592,22724.0543490564
2012,SVK,Slovakia,5.409846783,26262.9809676811
2016,SVK,Slovakia,5.43931818,28687.3616023691
1992,SVN,Slovenia,2.007884026,16621.0168455217
1996,SVN,Slovenia,1.991472006,19491.9652463345
2000,SVN,Slovenia,1.988317966,21854.5355285494
2004,SVN,Slovenia,1.988965034,23972.4551135573
2008,SVN,Slovenia,2.013539076,29561.9883713645
2012,SVN,Slovenia,2.053436041,29176.7537258298
2016,SVN,Slovenia,2.074788094,30633.979351339
1992,SWE,Sweden,8.625137329,26908.7961903685
1996,SWE,Sweden,8.836420059,28669.1062566653
2000,SWE,Sweden,8.873100281,34468.0188225633
2004,SWE,Sweden,8.951421738,35412.7160554079
2008,SWE,Sweden,9.163243294,42660.9389227901
2012,SWE,Sweden,9.465891838,43648.3469673045
2016,SWE,Sweden,9.763565063,45909.9305333323
1992,SWZ,Eswatini,0.885622978,5958.72423829545
1996,SWZ,Eswatini,0.960792005,7517.56455134116
2000,SWZ,Eswatini,1.045629025,6864.11126068349
2004,SWZ,Eswatini,1.087391973,6782.07276411447
2008,SWZ,Eswatini,1.138434052,7287.3453621888
2012,SWZ,Eswatini,1.225257993,7241.04115679089
2016,SWZ,Eswatini,1.319010973,7832.34886704768
1992,SXM,Sint Maarten (Dutch part),NA,NA
1996,SXM,Sint Maarten (Dutch part),NA,NA
2000,SXM,Sint Maarten (Dutch part),NA,NA
2004,SXM,Sint Maarten (Dutch part),NA,NA
2008,SXM,Sint Maarten (Dutch part),0.032439001,37335.4667734681
2012,SXM,Sint Maarten (Dutch part),0.033976,36263.6637037909
2016,SXM,Sint Maarten (Dutch part),0.03875,35776.1403612903
1992,SYC,Seychelles,0.071500003,16106.1219675753
1996,SYC,Seychelles,0.076702997,17785.0546309162
2000,SYC,Seychelles,0.080050997,20975.5769187984
2004,SYC,Seychelles,0.08591,19103.2224071703
2008,SYC,Seychelles,0.090281002,21659.3571591064
2012,SYC,Seychelles,0.091834001,21383.7811444151
2016,SYC,Seychelles,0.093741998,28007.2994070385
1992,SYR,Syrian Arab Republic,12.81521893,1079.28659085343
1996,SYR,Syrian Arab Republic,14.34549236,979.945030621452
2000,SYR,Syrian Arab Republic,16.0160923,1262.97973445121
2004,SYR,Syrian Arab Republic,17.41526604,2567.05250653753
2008,SYR,Syrian Arab Republic,19.63280678,5094.01938911152
2012,SYR,Syrian Arab Republic,20.86399269,5606.11214439608
2016,SYR,Syrian Arab Republic,18.73498726,4214.24842911796
1992,TCA,Turks and Caicos Islands,0.012206,12666.0725299033
1996,TCA,Turks and Caicos Islands,0.015332,15155.9285807462
2000,TCA,Turks and Caicos Islands,0.017864,18009.0781683833
2004,TCA,Turks and Caicos Islands,0.02341,19531.2382656984
2008,TCA,Turks and Caicos Islands,0.02864,25587.0733833799
2012,TCA,Turks and Caicos Islands,0.031730998,21538.8196173344
2016,TCA,Turks and Caicos Islands,0.034339,22127.2926293718
1992,TCD,Chad,6.150081158,1131.83441911906
1996,TCD,Chad,7.000721931,1060.10000184937
2000,TCD,Chad,8.041846275,1046.69440090733
2004,TCD,Chad,9.353200912,829.105000305376
2008,TCD,Chad,10.7757082,1595.94462570915
2012,TCD,Chad,12.28865147,1951.39378055776
2016,TCD,Chad,14.00941277,1674.75973298772
1992,TGO,Togo,3.882271051,1500.65267300163
1996,TGO,Togo,4.27402401,1278.97197610736
2000,TGO,Togo,4.825704098,1387.03235405048
2004,TGO,Togo,5.391400814,1321.02908162673
2008,TGO,Togo,5.997385025,1115.87361860263
2012,TGO,Togo,6.679282188,1259.91928595546
2016,TGO,Togo,7.416801929,1458.96408770066
1992,THA,Thailand,57.25839996,5336.30710102714
1996,THA,Thailand,59.49179077,7917.69902541799
2000,THA,Thailand,62.30665207,7221.81968298461
2004,THA,Thailand,64.55495453,8505.05691619453
2008,THA,Thailand,66.19561768,11038.6659738168
2012,THA,Thailand,67.53012848,13527.8470597099
2016,THA,Thailand,68.6576004,15476.2035639102
1992,TJK,Tajikistan,5.400713921,6127.62159486359
1996,TJK,Tajikistan,5.764711857,2005.81479644283
2000,TJK,Tajikistan,6.114885807,1178.07257966347
2004,TJK,Tajikistan,6.576877117,1553.95037009021
2008,TJK,Tajikistan,7.152385235,1899.39053946945
2012,TJK,Tajikistan,7.815948963,2445.28573695601
2016,TJK,Tajikistan,8.548650742,2994.35548281755
1992,TKM,Turkmenistan,3.789185047,9674.22216527078
1996,TKM,Turkmenistan,4.207839966,5630.02080673712
2000,TKM,Turkmenistan,4.466132164,6413.19047404706
2004,TKM,Turkmenistan,4.655741215,7615.59809118385
2008,TKM,Turkmenistan,4.870137215,11151.5907955788
2012,TKM,Turkmenistan,5.174060822,15999.4631215025
2016,TKM,Turkmenistan,5.565283775,21234.0531188816
1992,TTO,Trinidad and Tobago,1.229907036,10592.3322646965
1996,TTO,Trinidad and Tobago,1.255000949,9555.04910936924
2000,TTO,Trinidad and Tobago,1.264775038,11002.9209241873
2004,TTO,Trinidad and Tobago,1.284052014,16141.881640318
2008,TTO,Trinidad and Tobago,1.309260011,26650.8368901829
2012,TTO,Trinidad and Tobago,1.334787965,31431.4756876011
2016,TTO,Trinidad and Tobago,1.360092044,46401.9175675731
1992,TUN,Tunisia,8.417683601,5568.7431592738
1996,TUN,Tunisia,9.113974571,7242.22399303422
2000,TUN,Tunisia,9.603741646,8041.53130172615
2004,TUN,Tunisia,9.939678192,8171.22310814547
2008,TUN,Tunisia,10.29808712,9402.45917729234
2012,TUN,Tunisia,10.76146698,10165.9242186329
2016,TUN,Tunisia,11.27366066,10697.722402441
1992,TUR,Turkey,54.8405304,9901.46445593094
1996,TUR,Turkey,58.48638153,10543.6179563219
2000,TUR,Turkey,62.28732681,11175.7515236349
2004,TUR,Turkey,66.08580017,10768.6314332176
2008,TUR,Turkey,69.59728241,15716.069825204
2012,TUR,Turkey,73.40945435,19547.5724170125
2016,TUR,Turkey,78.27146912,25301.4926417673
1992,TWN,Taiwan,20.50356865,20619.2855847072
1996,TWN,Taiwan,21.26765251,25803.8116685404
2000,TWN,Taiwan,22.01048851,31556.5065575185
2004,TWN,Taiwan,22.56266212,34001.0216179225
2008,TWN,Taiwan,22.91744423,38591.1160565743
2012,TWN,Taiwan,23.19351768,40531.8692045854
2016,TWN,Taiwan,23.46291351,46490.7043421991
1992,TZA,U.R. of Tanzania: Mainland,25.61401367,1078.6716867556
1996,TZA,U.R. of Tanzania: Mainland,29.17077637,863.524419456512
2000,TZA,U.R. of Tanzania: Mainland,32.4025383,1072.20224225458
2004,TZA,U.R. of Tanzania: Mainland,36.13807297,1309.40806996771
2008,TZA,U.R. of Tanzania: Mainland,40.77494049,1616.79209749351
2012,TZA,U.R. of Tanzania: Mainland,46.25769043,2032.72770832108
2016,TZA,U.R. of Tanzania: Mainland,52.42052841,2305.07217811542
1992,UGA,Uganda,18.0404377,794.867998130666
1996,UGA,Uganda,20.55029106,1026.84477404185
2000,UGA,Uganda,23.272995,1098.77013594512
2004,UGA,Uganda,26.62482071,1181.25883485057
2008,UGA,Uganda,30.59048653,1394.61965432166
2012,UGA,Uganda,35.093647,1729.00919303143
2016,UGA,Uganda,40.14487076,1834.37720799378
1992,UKR,Ukraine,51.46260834,10088.9992860397
1996,UKR,Ukraine,50.9056778,5438.83277397399
2000,UKR,Ukraine,49.29079056,4400.2971454877
2004,UKR,Ukraine,47.58055878,5568.71547106282
2008,UKR,Ukraine,46.38635635,8912.46171354004
2012,UKR,Ukraine,45.57630539,9533.93153046888
2016,UKR,Ukraine,44.6577034,8976.64066397109
1992,URY,Uruguay,3.132050037,9277.45806954999
1996,URY,Uruguay,3.224803925,11451.7173226276
2000,URY,Uruguay,3.309318066,11724.9455767483
2004,URY,Uruguay,3.325637102,9502.47552295921
2008,URY,Uruguay,3.339740992,12002.8593552682
2012,URY,Uruguay,3.385623932,17976.7282581933
2016,URY,Uruguay,3.431551933,20060.9920187969
1992,USA,United States,254.974823,35751.5651653183
1996,USA,United States,265.658844,39360.6433068722
2000,USA,United States,278.8622742,45179.5461976477
2004,USA,United States,290.0276184,47712.2733218982
2008,USA,United States,300.5951843,51720.5757510866
2012,USA,United States,311.0513611,50229.2802858917
2016,USA,United States,319.9291687,54595.7408978196
1992,UZB,Uzbekistan,20.95139122,4803.25800054437
1996,UZB,Uzbekistan,22.86326408,3780.27312756298
2000,UZB,Uzbekistan,24.48976898,4075.47995171002
2004,UZB,Uzbekistan,25.83065987,4389.30484821563
2008,UZB,Uzbekistan,27.29237556,5177.42926002737
2012,UZB,Uzbekistan,29.06822395,6650.47404108774
2016,UZB,Uzbekistan,30.97602081,8779.90334743709
1992,VCT,St. Vincent and the Grenadines,0.107813999,6077.47154615793
1996,VCT,St. Vincent and the Grenadines,0.108121999,6826.07965285584
2000,VCT,St. Vincent and the Grenadines,0.107879996,6879.47707191239
2004,VCT,St. Vincent and the Grenadines,0.108350001,7968.8456901814
2008,VCT,St. Vincent and the Grenadines,0.109047003,9402.33887033099
2012,VCT,St. Vincent and the Grenadines,0.109341003,9401.99496798104
2016,VCT,St. Vincent and the Grenadines,0.109454997,9888.76511503627
1992,VEN,Venezuela (Bolivarian Republic of),20.33207893,8244.86596659105
1996,VEN,Venezuela (Bolivarian Republic of),22.1886673,7328.84329650569
2000,VEN,Venezuela (Bolivarian Republic of),24.02868843,6263.47583799438
2004,VEN,Venezuela (Bolivarian Republic of),25.86852264,6439.94606566369
2008,VEN,Venezuela (Bolivarian Republic of),27.6919651,13099.2735145401
2012,VEN,Venezuela (Bolivarian Republic of),29.46329117,16765.5637874891
2016,VEN,Venezuela (Bolivarian Republic of),31.1551342,7374.14774159439
1992,VGB,British Virgin Islands,0.016934,12228.9832171962
1996,VGB,British Virgin Islands,0.018426999,27557.7438626876
2000,VGB,British Virgin Islands,0.020188,36378.8275956013
2004,VGB,British Virgin Islands,0.022,32666.6426227273
2008,VGB,British Virgin Islands,0.024731001,33212.7018150216
2012,VGB,British Virgin Islands,0.027900999,28373.0293779087
2016,VGB,British Virgin Islands,0.030113,26682.2300866735
1992,VNM,Viet Nam,69.67089844,1350.14675576502
1996,VNM,Viet Nam,75.19897461,1625.68342499371
2000,VNM,Viet Nam,79.39137268,1992.58328153144
2004,VNM,Viet Nam,82.74766541,2417.05950625925
2008,VNM,Viet Nam,85.8895874,3320.05829963971
2012,VNM,Viet Nam,89.43664551,4556.30523681075
2016,VNM,Viet Nam,93.57156372,5593.51725558616
1992,YEM,Yemen,12.66161442,638.700078263795
1996,YEM,Yemen,15.32065296,656.307189794866
2000,YEM,Yemen,17.37809753,1002.34345214887
2004,YEM,Yemen,19.46208572,1656.5741788337
2008,YEM,Yemen,21.75160408,3356.8436659408
2012,YEM,Yemen,24.2522068,3793.33939870577
2016,YEM,Yemen,26.91620636,2350.07390618029
1992,ZAF,South Africa,38.43785477,8115.40639732741
1996,ZAF,South Africa,42.08816528,8260.51391613429
2000,ZAF,South Africa,45.05877686,8503.04997160546
2004,ZAF,South Africa,47.64872742,9409.23869903428
2008,ZAF,South Africa,49.88718033,11368.3088771195
2012,ZAF,South Africa,52.26351547,11961.3389833839
2016,ZAF,South Africa,55.29122543,12142.9258400142
1992,ZMB,Zambia,8.239731789,1309.93614068959
1996,ZMB,Zambia,9.137077332,950.807596710838
2000,ZMB,Zambia,10.23971367,1018.08056904388
2004,ZMB,Zambia,11.42198372,1328.25881754978
2008,ZMB,Zambia,12.72597408,2431.99181810686
2012,ZMB,Zambia,14.2647562,3367.48383684258
2016,ZMB,Zambia,16.10058784,3643.59852652436
1992,ZWE,Zimbabwe,10.44304276,5041.10813484786
1996,ZWE,Zimbabwe,11.32034588,4655.57667925249
2000,ZWE,Zimbabwe,12.06453705,3266.71355532867
2004,ZWE,Zimbabwe,12.63389683,1694.96150223035
2008,ZWE,Zimbabwe,13.32990932,1114.99902836548
2012,ZWE,Zimbabwe,14.38664913,1608.95646935125
2016,ZWE,Zimbabwe,15.77745056,1907.27416419805
